VentaId,NumeroFactura,LineaFactura,FechaVenta,ClienteId,NombreCliente,EmailCliente,CiudadCliente,ProvinciaCliente,PaisCliente,ProductoId,SKU,NombreProducto,Categoria,TiendaId,CodigoTienda,NombreTienda,Canal,CiudadTienda,ProvinciaTienda,Cantidad,PrecioUnitario,DescuentoPct,ImporteBruto,ImporteDescuento,ImporteNeto,MetodoPago,EstadoVenta,FechaCreacion,FechaModificacion,FechaExtraccionUtc
1,"F-2026-0001",1,2026-04-01 10:15:00.0000000,1,"Ana López Martín","ana.lopez@example.com","Madrid","Madrid","ES",1,"P001","Portátil Pro 15","Informática",1,"T001","Madrid Centro","Física","Madrid","Madrid",1,999.90,5.00,999.90,50.00,949.91,"Tarjeta","Completada",2026-09-20 18:58:23.0000000,2026-09-20 18:58:23.0000000,2026-09-26 18:37:53.5879815
2,"F-2026-0001",2,2026-04-01 10:15:00.0000000,1,"Ana López Martín","ana.lopez@example.com","Madrid","Madrid","ES",3,"P003","Teclado mecánico","Accesorios",1,"T001","Madrid Centro","Física","Madrid","Madrid",1,49.90,0.00,49.90,0.00,49.90,"Tarjeta","Completada",2026-09-20 18:58:23.0000000,2026-09-20 18:58:23.0000000,2026-09-26 18:37:53.5879815
3,"F-2026-0002",1,2026-04-04 12:30:00.0000000,2,"Carlos García Pérez","carlos.garcia@example.com","Barcelona","Barcelona","ES",2,"P002","Monitor 27 pulgadas","Informática",2,"T002","Barcelona Diagonal","Física","Barcelona","Barcelona",2,229.90,10.00,459.80,45.98,413.82,"Tarjeta","Completada",2026-09-20 18:58:23.0000000,2026-09-20 18:58:23.0000000,2026-09-26 18:37:53.5879815
4,"F-2026-0003",1,2026-04-08 18:20:00.0000000,3,"Lucía Martínez Ruiz","lucia.martinez@example.com","Valencia","Valencia","ES",4,"P004","Ratón inalámbrico","Accesorios",4,"T004","Tienda Online","Online","Madrid","Madrid",2,24.90,0.00,49.80,0.00,49.80,"PayPal","Completada",2026-09-20 18:58:23.0000000,2026-09-20 18:58:23.0000000,2026-09-26 18:37:53.5879815
5,"F-2026-0003",2,2026-04-08 18:20:00.0000000,3,"Lucía Martínez Ruiz","lucia.martinez@example.com","Valencia","Valencia","ES",5,"P005","Auriculares Bluetooth","Audio",4,"T004","Tienda Online","Online","Madrid","Madrid",1,79.90,0.00,79.90,0.00,79.90,"PayPal","Completada",2026-09-20 18:58:23.0000000,2026-09-20 18:58:23.0000000,2026-09-26 18:37:53.5879815
6,"F-2026-0004",1,2026-04-12 11:45:00.0000000,4,"Diego Sánchez Moreno","diego.sanchez@example.com","Sevilla","Sevilla","ES",7,"P007","Silla ergonómica","Mobiliario",3,"T003","Valencia Centro","Física","Valencia","Valencia",1,189.00,5.00,189.00,9.45,179.55,"Tarjeta","Completada",2026-09-20 18:58:23.0000000,2026-09-20 18:58:23.0000000,2026-09-26 18:37:53.5879815
7,"F-2026-0005",1,2026-04-17 09:10:00.0000000,5,"Marta Ruiz Fernández","marta.ruiz@example.com","Bilbao","Bizkaia","ES",11,"P011","Tablet 10 pulgadas","Movilidad",4,"T004","Tienda Online","Online","Madrid","Madrid",1,399.00,0.00,399.00,0.00,399.00,"Transferencia","Completada",2026-09-20 18:58:23.0000000,2026-09-20 18:58:23.0000000,2026-09-26 18:37:53.5879815
8,"F-2026-0005",2,2026-04-17 09:10:00.0000000,5,"Marta Ruiz Fernández","marta.ruiz@example.com","Bilbao","Bizkaia","ES",6,"P006","Webcam Full HD","Accesorios",4,"T004","Tienda Online","Online","Madrid","Madrid",1,69.90,0.00,69.90,0.00,69.90,"Transferencia","Completada",2026-09-20 18:58:23.0000000,2026-09-20 18:58:23.0000000,2026-09-26 18:37:53.5879815
9,"F-2026-0006",1,2026-04-22 17:05:00.0000000,6,"Javier Torres Gómez","javier.torres@example.com","Zaragoza","Zaragoza","ES",9,"P009","Disco SSD 1 TB","Almacenamiento",1,"T001","Madrid Centro","Física","Madrid","Madrid",2,89.90,10.00,179.80,17.98,161.82,"Efectivo","Completada",2026-09-20 18:58:23.0000000,2026-09-20 18:58:23.0000000,2026-09-26 18:37:53.5879815
10,"F-2026-0007",1,2026-04-27 13:40:00.0000000,7,"Elena Navarro Gil","elena.navarro@example.com","Alicante","Alicante","ES",10,"P010","Router Wi-Fi 6","Redes",2,"T002","Barcelona Diagonal","Física","Barcelona","Barcelona",1,119.90,0.00,119.90,0.00,119.90,"Tarjeta","Completada",2026-09-20 18:58:23.0000000,2026-09-20 18:58:23.0000000,2026-09-26 18:37:53.5879815
11,"F-2026-0007",2,2026-04-27 13:40:00.0000000,7,"Elena Navarro Gil","elena.navarro@example.com","Alicante","Alicante","ES",3,"P003","Teclado mecánico","Accesorios",2,"T002","Barcelona Diagonal","Física","Barcelona","Barcelona",2,49.90,0.00,99.80,0.00,99.80,"Tarjeta","Completada",2026-09-20 18:58:23.0000000,2026-09-20 18:58:23.0000000,2026-09-26 18:37:53.5879815
12,"F-2026-0008",1,2026-05-02 16:25:00.0000000,8,"Pablo Romero Díaz","pablo.romero@example.com","Málaga","Málaga","ES",8,"P008","Mesa de oficina","Mobiliario",3,"T003","Valencia Centro","Física","Valencia","Valencia",1,249.00,5.00,249.00,12.45,236.55,"Tarjeta","Completada",2026-09-20 18:58:23.0000000,2026-09-20 18:58:23.0000000,2026-09-26 18:37:53.5879815
13,"F-2026-0009",1,2026-05-06 20:15:00.0000000,9,"Sofía Díaz Ortega","sofia.diaz@example.com","Valladolid","Valladolid","ES",12,"P012","Impresora multifunción","Impresión",4,"T004","Tienda Online","Online","Madrid","Madrid",1,179.90,15.00,179.90,26.99,152.92,"PayPal","Completada",2026-09-20 18:58:23.0000000,2026-09-20 18:58:23.0000000,2026-09-26 18:37:53.5879815
14,"F-2026-0010",1,2026-05-10 10:00:00.0000000,10,"Miguel Castillo Molina","miguel.castillo@example.com","Murcia","Murcia","ES",2,"P002","Monitor 27 pulgadas","Informática",1,"T001","Madrid Centro","Física","Madrid","Madrid",1,229.90,0.00,229.90,0.00,229.90,"Efectivo","Completada",2026-09-20 18:58:23.0000000,2026-09-20 18:58:23.0000000,2026-09-26 18:37:53.5879815
15,"F-2026-0010",2,2026-05-10 10:00:00.0000000,10,"Miguel Castillo Molina","miguel.castillo@example.com","Murcia","Murcia","ES",4,"P004","Ratón inalámbrico","Accesorios",1,"T001","Madrid Centro","Física","Madrid","Madrid",1,24.90,0.00,24.90,0.00,24.90,"Efectivo","Completada",2026-09-20 18:58:23.0000000,2026-09-20 18:58:23.0000000,2026-09-26 18:37:53.5879815
16,"F-2026-0011",1,2026-05-15 12:50:00.0000000,1,"Ana López Martín","ana.lopez@example.com","Madrid","Madrid","ES",5,"P005","Auriculares Bluetooth","Audio",2,"T002","Barcelona Diagonal","Física","Barcelona","Barcelona",2,79.90,10.00,159.80,15.98,143.82,"Tarjeta","Completada",2026-09-20 18:58:23.0000000,2026-09-20 18:58:23.0000000,2026-09-26 18:37:53.5879815
17,"F-2026-0012",1,2026-05-19 19:30:00.0000000,2,"Carlos García Pérez","carlos.garcia@example.com","Barcelona","Barcelona","ES",6,"P006","Webcam Full HD","Accesorios",4,"T004","Tienda Online","Online","Madrid","Madrid",1,69.90,0.00,69.90,0.00,69.90,"PayPal","Completada",2026-09-20 18:58:23.0000000,2026-09-20 18:58:23.0000000,2026-09-26 18:37:53.5879815
18,"F-2026-0012",2,2026-05-19 19:30:00.0000000,2,"Carlos García Pérez","carlos.garcia@example.com","Barcelona","Barcelona","ES",9,"P009","Disco SSD 1 TB","Almacenamiento",4,"T004","Tienda Online","Online","Madrid","Madrid",1,89.90,0.00,89.90,0.00,89.90,"PayPal","Completada",2026-09-20 18:58:23.0000000,2026-09-20 18:58:23.0000000,2026-09-26 18:37:53.5879815
19,"F-2026-0013",1,2026-05-24 11:20:00.0000000,3,"Lucía Martínez Ruiz","lucia.martinez@example.com","Valencia","Valencia","ES",11,"P011","Tablet 10 pulgadas","Movilidad",3,"T003","Valencia Centro","Física","Valencia","Valencia",1,399.00,5.00,399.00,19.95,379.05,"Tarjeta","Completada",2026-09-20 18:58:23.0000000,2026-09-20 18:58:23.0000000,2026-09-26 18:37:53.5879815
20,"F-2026-0014",1,2026-05-29 15:10:00.0000000,4,"Diego Sánchez Moreno","diego.sanchez@example.com","Sevilla","Sevilla","ES",1,"P001","Portátil Pro 15","Informática",1,"T001","Madrid Centro","Física","Madrid","Madrid",1,1049.90,10.00,1049.90,104.99,944.91,"Tarjeta","Completada",2026-09-20 18:58:23.0000000,2026-09-20 18:58:23.0000000,2026-09-26 18:37:53.5879815
21,"F-2026-0014",2,2026-05-29 15:10:00.0000000,4,"Diego Sánchez Moreno","diego.sanchez@example.com","Sevilla","Sevilla","ES",10,"P010","Router Wi-Fi 6","Redes",1,"T001","Madrid Centro","Física","Madrid","Madrid",1,119.90,0.00,119.90,0.00,119.90,"Tarjeta","Completada",2026-09-20 18:58:23.0000000,2026-09-20 18:58:23.0000000,2026-09-26 18:37:53.5879815
22,"F-2026-0015",1,2026-06-03 13:35:00.0000000,5,"Marta Ruiz Fernández","marta.ruiz@example.com","Bilbao","Bizkaia","ES",7,"P007","Silla ergonómica","Mobiliario",2,"T002","Barcelona Diagonal","Física","Barcelona","Barcelona",2,189.00,5.00,378.00,18.90,359.10,"Transferencia","Completada",2026-09-20 18:58:23.0000000,2026-09-20 18:58:23.0000000,2026-09-26 18:37:53.5879815
23,"F-2026-0016",1,2026-06-07 18:10:00.0000000,6,"Javier Torres Gómez","javier.torres@example.com","Zaragoza","Zaragoza","ES",12,"P012","Impresora multifunción","Impresión",4,"T004","Tienda Online","Online","Madrid","Madrid",1,179.90,0.00,179.90,0.00,179.90,"PayPal","Completada",2026-09-20 18:58:23.0000000,2026-09-20 18:58:23.0000000,2026-09-26 18:37:53.5879815
24,"F-2026-0016",2,2026-06-07 18:10:00.0000000,6,"Javier Torres Gómez","javier.torres@example.com","Zaragoza","Zaragoza","ES",3,"P003","Teclado mecánico","Accesorios",4,"T004","Tienda Online","Online","Madrid","Madrid",1,49.90,0.00,49.90,0.00,49.90,"PayPal","Completada",2026-09-20 18:58:23.0000000,2026-09-20 18:58:23.0000000,2026-09-26 18:37:53.5879815
25,"F-2026-0017",1,2026-06-11 10:45:00.0000000,7,"Elena Navarro Gil","elena.navarro@example.com","Alicante","Alicante","ES",8,"P008","Mesa de oficina","Mobiliario",3,"T003","Valencia Centro","Física","Valencia","Valencia",1,249.00,10.00,249.00,24.90,224.10,"Tarjeta","Completada",2026-09-20 18:58:23.0000000,2026-09-20 18:58:23.0000000,2026-09-26 18:37:53.5879815
26,"F-2026-0018",1,2026-06-14 12:20:00.0000000,8,"Pablo Romero Díaz","pablo.romero@example.com","Málaga","Málaga","ES",2,"P002","Monitor 27 pulgadas","Informática",2,"T002","Barcelona Diagonal","Física","Barcelona","Barcelona",2,239.90,5.00,479.80,23.99,455.81,"Tarjeta","Completada",2026-09-20 18:58:23.0000000,2026-09-20 18:58:23.0000000,2026-09-26 18:37:53.5879815
27,"F-2026-0018",2,2026-06-14 12:20:00.0000000,8,"Pablo Romero Díaz","pablo.romero@example.com","Málaga","Málaga","ES",4,"P004","Ratón inalámbrico","Accesorios",2,"T002","Barcelona Diagonal","Física","Barcelona","Barcelona",2,24.90,0.00,49.80,0.00,49.80,"Tarjeta","Completada",2026-09-20 18:58:23.0000000,2026-09-20 18:58:23.0000000,2026-09-26 18:37:53.5879815
28,"F-2026-0019",1,2026-06-18 09:40:00.0000000,9,"Sofía Díaz Ortega","sofia.diaz@example.com","Valladolid","Valladolid","ES",9,"P009","Disco SSD 1 TB","Almacenamiento",1,"T001","Madrid Centro","Física","Madrid","Madrid",3,89.90,15.00,269.70,40.46,229.25,"Efectivo","Completada",2026-09-20 18:58:23.0000000,2026-09-20 18:58:23.0000000,2026-09-26 18:37:53.5879815
29,"F-2026-0020",1,2026-06-20 21:05:00.0000000,10,"Miguel Castillo Molina","miguel.castillo@example.com","Murcia","Murcia","ES",5,"P005","Auriculares Bluetooth","Audio",4,"T004","Tienda Online","Online","Madrid","Madrid",1,79.90,0.00,79.90,0.00,79.90,"PayPal","Completada",2026-09-20 18:58:23.0000000,2026-09-20 18:58:23.0000000,2026-09-26 18:37:53.5879815
30,"F-2026-0020",2,2026-06-20 21:05:00.0000000,10,"Miguel Castillo Molina","miguel.castillo@example.com","Murcia","Murcia","ES",6,"P006","Webcam Full HD","Accesorios",4,"T004","Tienda Online","Online","Madrid","Madrid",1,69.90,0.00,69.90,0.00,69.90,"PayPal","Completada",2026-09-20 18:58:23.0000000,2026-09-20 18:58:23.0000000,2026-09-26 18:37:53.5879815
